{
 "白细胞计数": [
  3.5,
  9.5
 ],
 "红细胞计数": [
  4.3,
  5.8
 ],
 "血红蛋白": [
  130.0,
  175.0
 ],
 "血小板计数": [
  125.0,
  350.0
 ],
 "嗜中性粒细胞": [
  0.40,
  0.75
 ],
 "淋巴细胞": [
  0.2,
  0.5
 ],
 "单核细胞": [
  0.02,
  0.06
 ],
 "嗜酸性粒细胞": [
  0.004,
  0.08
 ],
 "红细胞压积": [
  0.4,
  0.5
 ],
 "平均红细胞体积": [
  82.0,
  100.0
 ],
 "平均红细胞血红蛋白": [
  27.0,
  34.0
 ],
 "平均血红蛋白浓度": [
  316.0,
  354.0
 ],
 "红细胞分布宽度CV": [
  11.5,
  14.5
 ],
 "红细胞分布宽度SD": [
  37.0,
  54.0
 ],
 "平均血小板体积": [
  6.0,
  12.0
 ],
 "血小板压积": [
  0.11,
  0.28
 ],
 "血小板分布宽度": [
  9.0,
  17.0
 ],
 "有核红细胞计数": [
  0.01,
  0.02
 ],
 "有核红细胞百分比": [
  1.0,
  2.0
 ],
 "网织红细胞百分数": [
  0.5,
  1.5
 ],
 "网织红细胞绝对值": [
  24.0,
  84.0
 ],
 "平均网织红细胞体积": [
  85.0,
  115.0
 ],
 "大血小板比率": [
  13.0,
  43.0
 ],
 "血小板平均体积": [
  7.4,
  10.1
 ],
 "血小板比积": [
  0.1,
  0.5
 ],
 "尿胆原": [
  0.3,
  3.55
 ],
 "胆红素": "阴性",
 "亚硝酸盐": "阴性",
 "酮体": "阴性",
 "隐血": "阴性",
 "蛋白": "阴性",
 "葡萄糖": "阴性",
 "酸碱度": [
  4.5,
  8.0
 ],
 "维生素C": "阴性",
 "比重": [
  1.01,
  1.03
 ],
 "尿蛋白": "阴性",
 "抗坏血酸": "阴性",
 "PH": [
  5.5,
  8.0
 ],
 "颜色": "阴性",
 "性状": "阴性",
 "潜血": "阴性",
 "红细胞": "阴性",
 "白细胞": "阴性",
 "脓细胞": "阴性",
 "巨噬细胞": "阴性",
 "脂肪球": "阴性",
 "淀粉颗粒": "阴性",
 "寄生虫卵": "阴性",
 "霉菌": "阴性",
 "幽门螺杆菌": "阴性",
 "酵母样真菌": "阴性",
 "粪胆素": "阳性",
 "粪胆原": "阳性",
 "粪便胆红素": "阴性",
 "钾": [
  3.5,
  5.5
 ],
 "钠": [
  135.0,
  153.0
 ],
 "氯": [
  90.0,
  110.0
 ],
 "钙": [
  2.0,
  2.7
 ],
 "磷": [
  0.81,
  1.9
 ],
 "镁": [
  0.8,
  1.2
 ],
 "铁": [
  8.95,
  28.64
 ],
 "锌": [
  7.65,
  22.95
 ],
 "铜": [
  10.99,
  21.98
 ],
 "阴离子间隙": [
  10.0,
  14.0
 ],
 "前白蛋白": [
  180.0,
  400.0
 ],
 "胆碱酯酶": [
  4.0,
  15.0
 ],
 "碱性磷酸酶": [
  40.0,
  130.0
 ],
 "总蛋白": [
  60.0,
  85.0
 ],
 "白蛋白": [
  35.0,
  55.0
 ],
 "球蛋白": [
  20.0,
  35.0
 ],
 "唾液酸": [
  40.0,
  70.0
 ],
 "亮氨酸氨基肽酶": [
  20.0,
  60.0
 ],
 "铜蓝蛋白": [
  15.0,
  45.0
 ],
 "尿素": [
  2.2,
  8.2
 ],
 "肌酐": [
  20.0,
  115.0
 ],
 "尿酸": [
  200.0,
  440.0
 ],
 "胱抑素C": [
  0.4,
  1.55
 ],
 "β2微球蛋白": [
  10.0,
  30.0
 ],
 "肾小球滤过率": [
  110.0,
  140.0
 ],
 "二氧化碳结合力": [
  21.0,
  32.0
 ],
 "游离三碘甲状原氨酸": [
  3.1,
  6.8
 ],
 "游离甲状腺素": [
  12.0,
  22.0
 ],
 "促甲状腺激素": [
  0.27,
  4.2
 ],
 "甲状腺球蛋白": [
  3.5,
  77.0
 ],
 "促甲状腺素受体抗体": [
  0.01,
  1.75
 ],
 "肌酸激酶": [
  39.0,
  308.0
 ],
 "乳酸脱氢酶": [
  75.0,
  245.0
 ],
 "乳酸脱氢酶同工酶": [
  15.0,
  65.0
 ],
 "α-羟丁酸脱氢酶": [
  70.0,
  200.0
 ],
 "总前列腺特异性抗原": [
  0.01,
  4.0
 ],
 "游离前列腺特异抗原": [
  0.01,
  0.5
 ],
 "PSA比值": [
  0.25,
  1.0
 ],
 "肿瘤相关抗原125": [
  0.01,
  35.0
 ],
 "肿瘤相关抗原19-9": [
  0.01,
  37.0
 ],
 "肿瘤相关抗原15-3": [
  0.01,
  25.0
 ],
 "非小细胞肺癌抗原21-1": [
  0.1,
  3.3
 ],
 "铁蛋白": [
  13.0,
  150.0
 ],
 "促卵泡素": [
  3.0,
  130.0
 ],
 "促黄体素": [
  1.0,
  95.0
 ],
 "催乳素": [
  102.0,
  496.0
 ],
 "雌二醇": [
  26.7,
  314.0
 ],
 "孕酮": [
  0.057,
  23.9
 ],
 "睾酮": [
  0.084,
  0.481
 ],
 "高密度脂蛋白": [
  0.91,
  10000000.0
 ],
 "小而密低密度脂蛋白": [
  0.25,
  1.17
 ],
 "载脂蛋白A1": [
  1.1,
  1.9
 ],
 "载脂蛋白B": [
  0.75,
  1.55
 ],
 "载脂蛋白E": [
  27.0,
  58.0
 ],
 "凝血酶原时间": [
  8.8,
  13.6
 ],
 "凝血酶原时间活动度": [
  70.0,
  150.0
 ],
 "国际标准化比值": [
  0.8,
  1.6
 ],
 "活化部分凝血活酶时间": [
  26.0,
  40.0
 ],
 "纤维蛋白原": [
  2.0,
  4.0
 ],
 "叶酸": [
  5.21,
  20.0
 ],
 "维生素B12": [
  200.0,
  1100.0
 ],
 "血氨": [
  16.0,
  60.0
 ],
 "糖化血红蛋白": [
  4.0,
  6.5
 ],
 "糖化白蛋白": [
  11.0,
  16.0
 ],
 "空腹全血血糖": [
  3.9,
  6.1
 ],
 "餐后1小时": [
  6.7,
  9.4
 ],
 "体温": [
  36,
  37
 ],
 "呼吸": [
  12,
  20
 ],
 "血压": [
  80,
  140
 ],
 "脉搏": [
  60,
  100
 ],
 "心率": [
  60,
  100
 ]
}