{
 "体温": "T",
 "呼吸": "R",
 "血压": "BP",
 "脉搏": "P",
 "白细胞计数": "WBC",
 "红细胞计数": "RBC",
 "血红蛋白": "HB",
 "红细胞压积": "HCT",
 "血小板计数": "PLT",
 "血小板压积": "PCT",
 "红细胞平均体积": "MCV",
 "红细胞平均血红蛋白量": "MCH",
 "红细胞平均血红蛋白浓度": "MCHC",
 "红细胞分布宽度": "RDW",
 "血小板平均体积": "MPV",
 "血小板分布宽度": "PDW",
 "淋巴细胞百分数": "LYM",
 "单核细胞百分数": "MON",
 "中性粒细胞百分数": "GRA",
 "淋巴细胞计数": "LYM",
 "单核细胞计数": "MON",
 "中性粒细胞计数": "GRA",
 "嗜酸细胞计数": "EOC",
 "网织细胞计数": "RET",
 "红斑狼疮细胞检查": "LE细胞",
 "凝血酶原时间": "PT",
 "凝血酶时间": "TT",
 "部分凝血活酶时间": "APTT",
 "纤维蛋白原定量": "Fg",
 "D-二聚体": "D-Dim",
 "葡萄糖": "GLU",
 "亚硝酸盐": "NIT",
 "蛋白质": "PRO",
 "酮体": "KET",
 "比重": "SG",
 "酸碱度": "ph",
 "胆红素": "BIL",
 "尿胆原": "URO",
 "潜血": "BLD",
 "白细胞": "LEU",
 "维生素C": "Vc",
 "双法便潜血": "OB",
 "嗜中性粒细胞": "N",
 "嗜酸性粒细胞": "E",
 "嗜碱性粒细胞": "B",
 "淋巴细胞": "L",
 "单核细胞": "M",
 "丙氨酸氨基转移酶": "ALT",
 "门冬氨酸氨基转移酶": "AST",
 "肌酸肌酶": "CK",
 "肌酸肌酶同工酶": "CK-MB",
 "乳酸脱氢酶": "LDH",
 "a-羟丁酸脱氢酶": "HBDH",
 "碱性磷酸酶": "ALP",
 "r-谷氨酰转肽酶": "r-GT/GGT",
 "血清总蛋白": "TP",
 "血清白蛋白": "ALB",
 "直接胆红质": "DBiL",
 "间接胆红质": "IBiL",
 "血清总胆汁酸": "TBA",
 "血清球蛋白": "GLO",
 "血清总胆红素": "TBiL",
 "白/球比例": "A/G",
 "尿素氮": "BUN",
 "磷": "P",
 "肌酐": "Cre",
 "尿酸": "Ua",
 "钙": "Ca",
 "钾": "K",
 "钠": "Na",
 "氯": "Cl",
 "二氧化碳结合力": "CO2-CP",
 "血糖": "GLU",
 "载脂蛋白A1": "APOA1",
 "载脂蛋白Ｂ": "APOAＢ",
 "高密度脂蛋白胆固醇": "HDLc",
 "低密度脂蛋白胆固醇": "LDLc",
 "血清总胆固醇": "TC/CHO",
 "甘油三脂": "TG",
 "载脂蛋白B": "APOB",
 "载脂蛋白A1/B": "APOA1/B",
 "糖化血红蛋白": "HBA1C",
 "二氧化碳分压": "PCO2",
 "氧分压": "PO2",
 "血氧饱和度": "sO2",
 "碳酸氢根浓度": "HCO3-",
 "绝对碱剩余": "ABE",
 "二氧化碳总量": "tCO2",
 "标准碳酸氢盐": "SBC",
 "标准碱剩余": "cbase(Ecf)",
 "肌钙蛋白I": "TNI(急)",
 "尿淀粉酶": "AMYL-U",
 "尿量": "ml",
 "尿蛋白": "UTP",
 "尿微量白蛋白": "umAlb",
 "穿刺液氯": "Cl",
 "穿刺液蛋白": "TP",
 "穿刺液葡萄糖": "GLU",
 "穿刺液乳酸脱氢酶": "PLDH",
 "腺苷脱氨酶": "ADA",
 "脑脊液氯": "Cl",
 "脑脊液蛋白": "TP",
 "脑脊液葡萄糖": "GLU",
 "脑脊液乳酸脱氢酶": "cLDH",
 "温度": "Temp",
 "吸氧含量": "F02(l)",
 "总血红蛋白": "ctHb",
 "氧饱和度": "sO2",
 "氧合血红蛋白分数": "FO2hb",
 "总氧浓度": "cto2",
 "碳氧血红蛋白分数": "fcohb",
 "高铁血红蛋白分数": "fmethb",
 "还原血红蛋白分数": "fhhb",
 "实际碳酸氢根": "chc03-(P)",
 "标准碳酸氢根": "chco3-(P)",
 "实际碱剩余": "cbase(B)",
 "二氧化碳总浓度": "ctc02(B)",
 "肺泡气氧分压": "P02(A)",
 "肺泡-动脉氧分压差": "P02(A-a)",
 "促黄体激素": "LH",
 "血清卵泡刺激素": "FSH",
 "催乳素": "PRL",
 "血清孕酮": "PROG",
 "雌二醇": "E2",
 "血清睾酮": "Testo",
 "促甲状腺激素": "TSH",
 "总T3": "TT3",
 "总T4": "TT4",
 "游离T3": "FT3",
 "游离T4": "FT4",
 "血清叶酸": "Fol",
 "铁蛋白": "Fer",
 "维生素B12": "VitB12",
 "癌胚抗原": "CEA",
 "甲胎蛋白": "AFP",
 "神经原特异性烯醇化酶": "NSE",
 "细胞角质素": "CF21-1",
 "血清CA125": "CA125",
 "血清CA19-9": "CA19-9",
 "血清CA15-3": "CA15-3",
 "甲状旁腺素": "PTH",
 "N-MID骨钙素": "Ostase",
 "人绒毛膜促性腺激素": "TβhCG",
 "胰岛素（空腹）": "Insulin",
 "C肽（空腹）": "C-Peptide",
 "CD3分子": "CD3",
 "CD4分子": "CD4",
 "CD8分子": "CD8",
 "抗“O”": "ASO",
 "类风湿": "RF",
 "C反应蛋白": "CRP",
 "抗核抗体": "ANA",
 "双链脱氧核糖核酸": "dsDNA",
 "Sminth抗原": "SM",
 "核糖核蛋白": "U1RNP",
 "干燥综合症A抗原": "SSA",
 "干燥综合症B抗原": "SSB",
 "组氨酰tRNA合成酶": "Scl-70",
 "DNA拓扑异构酶-1": "Jo-1",
 "TPHA法梅毒抗体检测": "TPHA",
 "梅毒快速血浆反应素": "RPR",
 "幽门螺杆菌抗体": "HP"
}